<meta>
    <info author="zJoaoFtw_" description="Script feito por zJoaoFtw_#5562" />

    <script src="config.lua" type="shared" cache="false" />
    <script src="sources/client/main.lua" type="client" cache="false" />
    <script src="sources/server/main.lua" type="server" />
    <script src="sources/shared/utils.lua" type="shared" cache="false" />

    <file src="files/fonts/Roboto-Medium.ttf" />
    <file src="files/fonts/Roboto-Regular.ttf" />
    <file src="files/fonts/Roboto-Bold.ttf" />
    <file src="files/fonts/Roboto-Light.ttf" />
    <file src="files/fonts/Roboto-Black.ttf" />

    <file src="files/imgs/base.png" />
    <file src="files/imgs/chaved.png" />
    <file src="files/imgs/close.png" />
    <file src="files/imgs/vehicle.png" />
</meta>