<meta>
    <info author="zJoaoFtw_" description="Script feito por zJoaoFtw_#5562" />

    <script src="config.lua" type="shared" cache="false" />
    <script src="sources/client/main.lua" type="client" cache="false" />
    <script src="sources/server/main.lua" type="server" />
    <script src="sources/shared/utils.lua" type="shared" cache="false" />
    <script src="sources/shared/responsive.lua" type="client" cache="false" />

    <file src="files/fonts/medium.ttf" />
    <file src="files/fonts/regular.ttf" />
    <file src="files/fonts/bold.ttf" />
    <file src="files/fonts/light.ttf" />
    <file src="files/fonts/black.ttf" />
    <file src="files/fonts/semibold.ttf" />

    <file src="files/imgs/base.png" />
    <file src="files/imgs/engine.png" />
    <file src="files/imgs/doors.png" />
    <file src="files/imgs/handbrake.png" />
    <file src="files/imgs/light.png" />
    <file src="files/imgs/locked.png" />
    <file src="files/imgs/select.png" />
    <file src="files/imgs/base_doors.png" />
    <file src="files/imgs/up.png" />
    <file src="files/imgs/down.png" />
    <file src="files/imgs/trunk.png" />
    <file src="files/imgs/front.png" />
    <file src="files/imgs/car.png" />
    <file src="files/imgs/bar_door_left.png" />
    <file src="files/imgs/bar_door_right.png" />

    <file src="files/sounds/lightswitch.mp3" />
    <file src="files/sounds/locked.mp3" />
    <file src="files/sounds/lockin.mp3" />
    <file src="files/sounds/ov.mp3" />
    <file src="files/sounds/ovbe.mp3" />
    <file src="files/sounds/ovki.mp3" />
    <file src="files/sounds/starter.mp3" />
    <file src="files/sounds/unlocked.mp3" />
</meta>