<meta>
	<info author="Xantris" type="script" />
	<script src="cJoao.lua" type="client" cache="false"/>

	<!-- Main marker floor -->
	<file src="files/images/marker.png" />

	<!-- Marker icons -->
	<file src="files/images/garage.png" />
	<file src="files/images/house.png" />
	<file src="files/images/cityhall.png" />
	<file src="files/images/beer.png" />
	<file src="files/images/wine.png" />
	<file src="files/images/shop.png" />
	<file src="files/images/clothes.png" />
	<file src="files/images/didier.png" />
	<file src="files/images/prolaps.png" />
	<file src="files/images/zip.png" />
	<file src="files/images/psychologist.png" />
	<file src="files/images/pizza.png" />
	<file src="files/images/burger.png" />
	<file src="files/images/chicken.png" />
	<file src="files/images/seven.png" />
	<file src="files/images/disco.png" />
	<file src="files/images/donut.png" />
	<file src="files/images/entrada.png" />
	<file src="files/images/saida.png" />
	<file src="files/images/bank.png" />
	<file src="files/images/mechanic.png" />
	<file src="files/images/bebidas.png" />
	<file src="files/images/taxi.png" />
	<file src="files/images/police.png" />
	<file src="files/images/medic.png" />
	<file src="files/images/fire.png" />
	<file src="files/images/tv.png" />
	<file src="files/images/licenceTheory.png" />
	<file src="files/images/licencePractise.png" />
	<file src="files/images/noParking.png" />
	<file src="files/images/office.png" />
	<file src="files/images/gun.png" />
	<file src="files/images/exchange.png" />
	<file src="files/images/magazineBox.png" />
	<file src="files/images/truck.png" />
	<file src="files/images/truckTakeOff.png" />
	<file src="files/images/apple.png" />
	<file src="files/images/fractionc.png" />
	<file src="files/images/landmower.png" />
	<file src="files/images/gym.png" />
	<file src="files/images/shootingRange.png" />
	<file src="files/images/piston.png" />
	<file src="files/images/bulb.png" />
	<file src="files/images/gift.png" />
	<file src="files/images/towtruck.png" />
	<file src="files/images/snowplow.png" />
	<file src="files/images/boate.png" />
	<file src="files/images/mecanica.png" />
	<file src="files/images/boate2.png" />
	<file src="files/images/sanddune.png" />
	<file src="files/images/news.png" />
	<file src="files/images/church.png" />
	<file src="files/images/carwash.png" />
	<file src="files/images/tram.png" />
	<file src="files/images/busStop.png" />
	<file src="files/images/casino.png" />
	<file src="files/images/slotMachine.png" />
	<file src="files/images/race.png" />
	<file src="files/images/handcuffs.png" />
	<file src="files/images/boatSteering.png" />
	<file src="files/images/tollRoad.png" />
	<file src="files/images/jail.png" />
	<file src="files/images/courier.png" />
	<file src="files/images/health.png" />
	<file src="files/images/sweeper.png" />
	<file src="files/images/agd.png" />
	<file src="files/images/bus.png" />
	<file src="files/images/map.png" />
	<file src="files/images/plane.png" />
	<file src="files/images/flowers.png" />
	<file src="files/images/diving.png" />
	<file src="files/images/ers.png" />
	<file src="files/images/eagle.png" />
	<file src="files/images/tankTruck.png" />
	<file src="files/images/pickaxe.png" />
	<file src="files/images/logo.png" />

    <file src="files/fonts/Roboto-Medium.ttf" />
    <file src="files/fonts/Roboto-Regular.ttf" />
    <file src="files/fonts/Roboto-Bold.ttf" />
    <file src="files/fonts/Roboto-Light.ttf" />
    <file src="files/fonts/Roboto-Black.ttf" />

	<export function="getMarkerDataByIcon" type="client" />

	<min_mta_version client="1.5.2"></min_mta_version>
</meta>
