<meta>
    <info author="zJoaoFtw_" description="Script feito por zJoaoFtw_#5562" />

    <script src="config.lua" type="shared" cache="false" />
    <script src="sources/client/main.lua" type="client" cache="false" />
    <script src="sources/server/main.lua" type="server" />
    <script src="sources/shared/utils.lua" type="shared" cache="false" />
    <script src="sources/shared/responsive.lua" type="client" cache="false" />

    <file src="files/fonts/medium.ttf" />
    <file src="files/fonts/regular.ttf" />
    <file src="files/fonts/bold.ttf" />
    <file src="files/fonts/light.ttf" />
    <file src="files/fonts/black.ttf" />
    <file src="files/fonts/semibold.ttf" />

    <file src="files/imgs/dealership.png" />
    <file src="files/imgs/ellipse.png" />
    <file src="files/imgs/button.png" />
    <file src="files/imgs/check.png" />
    <file src="files/imgs/button_test.png" />
    <file src="files/imgs/rent.png" />
    <file src="files/imgs/refresh.png" />
    <file src="files/imgs/back.png" />
    <file src="files/imgs/passveh.png" />
    <file src="files/imgs/drive.png" />
    <file src="files/imgs/shadow.png" />
    <file src="files/imgs/buyvehicle.png" />
    <file src="files/imgs/close.png" />
    <file src="files/imgs/ellipse_colors.png" />
    <file src="files/imgs/button_buy.png" />
    <file src="files/imgs/base_rent.png" />
    <file src="files/imgs/arrow_right.png" />
    <file src="files/imgs/arrow_left.png" />
    <file src="files/imgs/garage.png" />
    <file src="files/imgs/button_save.png" />
    <file src="files/imgs/garage_icon.png" />
    <file src="files/imgs/button_withdraw.png" />
    <file src="files/imgs/withdraw_icon.png" />
    <file src="files/imgs/engine.png" />
    <file src="files/imgs/fuel.png" />
    <file src="files/imgs/button_managegarage.png" />
    <file src="files/imgs/garage_arrow_left.png" />
    <file src="files/imgs/garage_arrow_right.png" />
    <file src="files/imgs/cage_garage.png" />
    <file src="files/imgs/cage_garage_select.png" />
    <file src="files/imgs/detran.png" />
    <file src="files/imgs/arrow_down.png" />
    <file src="files/imgs/cage_detran.png" />
    <file src="files/imgs/cage_release.png" />
    <file src="files/imgs/cage_tax.png" />
    <file src="files/imgs/cage_safe.png" />
    <file src="files/imgs/detran_check.png" />
    <file src="files/imgs/scroll.png" />
    <file src="files/imgs/sell_icon.png" />
    <file src="files/imgs/button_sell.png" />
    <file src="files/imgs/base_sell.png" />
    <file src="files/imgs/b_menu_sell.png" />
    <file src="files/imgs/user_icon.png" />
    <file src="files/imgs/dealership_icon.png" />
    <file src="files/imgs/sub_sell_player.png" />
    <file src="files/imgs/button_concluded_sell.png" />
    <file src="files/imgs/sub_sell_dealership.png" />

    <export function="getVehicleByPlate" type="server" />
    <export function="setVehicleState" type="server" />
    <export function="getVehiclesSeize" type="server" />
    <export function="getVehicleFromDealerShip" type="server" />
    <export function="getMyVehicles" type="server" />
    <export function="findVehicle" type="server" />
    <export function="syncVehicles" type="server" />
    <export function="isGarageProx" type="server" />
    <export function="getCarProx" type="server" />
    <export function="getVehiclePrice" type="server" />
</meta>